<?xml version="1.0" encoding="UTF-8" standalone="yes"?>
<office:document-meta xmlns:office="urn:oasis:names:tc:opendocument:xmlns:office:1.0" xmlns:meta="urn:oasis:names:tc:opendocument:xmlns:meta:1.0" xmlns:dc="http://purl.org/dc/elements/1.1/" xmlns:xlink="http://www.w3.org/1999/xlink" office:version="1.2"><office:meta><meta:generator>MicrosoftOffice/16.0 MicrosoftExcel/CalculationVersion-26227</meta:generator><meta:initial-creator>Deumier Mickael</meta:initial-creator><dc:creator>champix</dc:creator><meta:creation-date>2023-03-10T16:20:57Z</meta:creation-date><dc:date>2023-04-26T10:14:04Z</dc:date></office:meta></office:document-meta>